DROP TABLE PAIS CASCADE CONSTRAINTS;
DROP TABLE CIUDAD CASCADE CONSTRAINTS;
DROP TABLE ESTADIO CASCADE CONSTRAINTS;
DROP TABLE CONFEDERACION CASCADE CONSTRAINTS;
DROP TABLE SELECCION CASCADE CONSTRAINTS;
DROP TABLE PARTIDO CASCADE CONSTRAINTS;

--  PAIS
CREATE TABLE PAIS (
    ID NUMBER(10,0) GENERATED BY DEFAULT AS IDENTITY,
    NOMBRE_PAIS VARCHAR2(100) NOT NULL,

    CONSTRAINT PK_PAIS PRIMARY KEY (ID),

    CONSTRAINT UQ_PAIS_NOMBRE UNIQUE (NOMBRE_PAIS)
);

--  CIUDAD
CREATE TABLE CIUDAD (
    ID NUMBER(10,0) GENERATED BY DEFAULT AS IDENTITY,
    NOMBRE_CIUDAD VARCHAR2(100) NOT NULL,
    ID_PAIS NUMBER(10,0) NOT NULL,

    CONSTRAINT PK_CIUDAD PRIMARY KEY (ID),

    CONSTRAINT UQ_CIUDAD_NOMBRE UNIQUE (NOMBRE_CIUDAD),

    CONSTRAINT FK_CIUDAD_PAIS FOREIGN KEY (ID_PAIS) REFERENCES PAIS (ID)
);

--  ESTADIO
CREATE TABLE ESTADIO (
    ID NUMBER(10,0) GENERATED BY DEFAULT AS IDENTITY,
    NOMBRE_ESTADIO VARCHAR2(100) NOT NULL,
    CAPACIDAD NUMBER(10,0) DEFAULT 0 NOT NULL,
    ID_CIUDAD NUMBER(10,0) NOT NULL,

    CONSTRAINT PK_ESTADIO PRIMARY KEY (ID),

    CONSTRAINT UQ_ESTADIO_NOMBRE UNIQUE (NOMBRE_ESTADIO),

    CONSTRAINT CK_ESTADIO_CAPACIDAD CHECK (CAPACIDAD >= 0),

    CONSTRAINT FK_ESTADIO_CIUDAD FOREIGN KEY (ID_CIUDAD) REFERENCES CIUDAD (ID)
);

--  CONFEDERACION
CREATE TABLE CONFEDERACION (
    ID NUMBER(10,0) GENERATED BY DEFAULT AS IDENTITY,
    NOMBRE_CONFEDERACION VARCHAR2(100) NOT NULL,

    CONSTRAINT PK_CONFEDERACION PRIMARY KEY (ID),

    CONSTRAINT UQ_CONFEDERACION_NOMBRE UNIQUE (NOMBRE_CONFEDERACION)
);

--  SELECCION
CREATE TABLE SELECCION (
    ID NUMBER(10,0) GENERATED BY DEFAULT AS IDENTITY,
    NOMBRE_SELECCION VARCHAR2(100) NOT NULL,
    ID_CONFEDERACION NUMBER(10,0)  NOT NULL,

    CONSTRAINT PK_SELECCION PRIMARY KEY (ID),

    CONSTRAINT UQ_SELECCION_NOMBRE UNIQUE (NOMBRE_SELECCION),

    CONSTRAINT FK_SELECCION_CONF FOREIGN KEY (ID_CONFEDERACION) REFERENCES CONFEDERACION (ID)
);

--  PARTIDO
CREATE TABLE PARTIDO (
    ID NUMBER(10,0)  GENERATED BY DEFAULT AS IDENTITY,
    ID_ESTADIO NUMBER(10,0) NOT NULL,
    FECHA DATE DEFAULT SYSDATE NOT NULL,
    FASE VARCHAR2(20) NOT NULL,
    ID_SELECCION_LOCAL NUMBER(10,0) NOT NULL,
    ID_SELECCION_VISITANTE NUMBER(10,0) NOT NULL,
    GOLES_LOCAL NUMBER(3,0) DEFAULT 0 NOT NULL,
    GOLES_VISITANTE NUMBER(3,0) DEFAULT 0 NOT NULL,

    CONSTRAINT PK_PARTIDO PRIMARY KEY (ID),

    CONSTRAINT FK_PARTIDO_ESTADIO FOREIGN KEY (ID_ESTADIO) REFERENCES ESTADIO (ID),
    CONSTRAINT FK_PARTIDO_LOCAL FOREIGN KEY (ID_SELECCION_LOCAL) REFERENCES SELECCION (ID),
    CONSTRAINT FK_PARTIDO_VISIT FOREIGN KEY (ID_SELECCION_VISITANTE) REFERENCES SELECCION (ID),

    CONSTRAINT CK_PARTIDO_FASE CHECK (FASE IN ('GRUPOS', 'OCTAVOS', 'CUARTOS', 'SEMIFINAL', 'FINAL')),
    CONSTRAINT CK_PARTIDO_GOLES_L CHECK (GOLES_LOCAL >= 0),
    CONSTRAINT CK_PARTIDO_GOLES_V CHECK (GOLES_VISITANTE >= 0),
    CONSTRAINT CK_PARTIDO_NO_MISMO CHECK (ID_SELECCION_LOCAL != ID_SELECCION_VISITANTE) -- Tambien funciona <>
);

----- Datos de prueba ----------
INSERT INTO PAIS (NOMBRE_PAIS, ID) VALUES ('USA', 1);
INSERT INTO PAIS (NOMBRE_PAIS, ID) VALUES ('MEXICO', 2);
INSERT INTO PAIS (NOMBRE_PAIS, ID) VALUES ('CANADA', 3);

INSERT INTO CIUDAD (NOMBRE_CIUDAD, ID_PAIS, ID) VALUES ('MIAMI', 1, 1);
INSERT INTO CIUDAD (NOMBRE_CIUDAD, ID_PAIS, ID) VALUES ('DALLAS', 1, 2);
INSERT INTO CIUDAD (NOMBRE_CIUDAD, ID_PAIS, ID) VALUES ('CDMX', 2, 3);

INSERT INTO ESTADIO (NOMBRE_ESTADIO, CAPACIDAD, ID_CIUDAD, ID) VALUES ('HARD_ROCK', 50000, 1, 1);
INSERT INTO ESTADIO (NOMBRE_ESTADIO, CAPACIDAD, ID_CIUDAD, ID) VALUES ('DALLAS_STADIUM' , 40000, 2, 2);
INSERT INTO ESTADIO (NOMBRE_ESTADIO, CAPACIDAD, ID_CIUDAD, ID) VALUES ('AZTECA', 60000, 3, 3);

INSERT INTO CONFEDERACION (NOMBRE_CONFEDERACION) VALUES ('UEFA');
INSERT INTO CONFEDERACION (NOMBRE_CONFEDERACION) VALUES ('CONMEBOL');
INSERT INTO CONFEDERACION (NOMBRE_CONFEDERACION) VALUES ('CONCACAF');
INSERT INTO CONFEDERACION (NOMBRE_CONFEDERACION) VALUES ('CAF');
INSERT INTO CONFEDERACION (NOMBRE_CONFEDERACION) VALUES ('AFC');
INSERT INTO CONFEDERACION (NOMBRE_CONFEDERACION) VALUES ('OFC');

INSERT INTO SELECCION (NOMBRE_SELECCION, ID_CONFEDERACION) VALUES ('BRASIL', 2);
INSERT INTO SELECCION (NOMBRE_SELECCION, ID_CONFEDERACION) VALUES ('ARGENTINA', 2);
INSERT INTO SELECCION (NOMBRE_SELECCION, ID_CONFEDERACION) VALUES ('FRANCIA', 1);
INSERT INTO SELECCION (NOMBRE_SELECCION, ID_CONFEDERACION) VALUES ('ALEMANIA', 1);
INSERT INTO SELECCION (NOMBRE_SELECCION, ID_CONFEDERACION) VALUES ('ESPAÑA', 1);
INSERT INTO SELECCION (NOMBRE_SELECCION, ID_CONFEDERACION) VALUES ('MEXICO', 3);

INSERT INTO PARTIDO (ID_ESTADIO, FECHA, FASE, ID_SELECCION_LOCAL, ID_SELECCION_VISITANTE, GOLES_LOCAL, GOLES_VISITANTE)
VALUES (1, TO_DATE('10/06/2026','DD/MM/YYYY'), 'GRUPOS', 1, 3, 2, 1);

INSERT INTO PARTIDO (ID_ESTADIO, FECHA, FASE, ID_SELECCION_LOCAL, ID_SELECCION_VISITANTE, GOLES_LOCAL, GOLES_VISITANTE)
VALUES (1, TO_DATE('11/06/2026','DD/MM/YYYY'), 'GRUPOS', 4, 2, 0, 0);

INSERT INTO PARTIDO (ID_ESTADIO, FECHA, FASE, ID_SELECCION_LOCAL, ID_SELECCION_VISITANTE, GOLES_LOCAL, GOLES_VISITANTE)
VALUES (1, TO_DATE('14/06/2026','DD/MM/YYYY'), 'GRUPOS', 5, 6, 2, 1);

INSERT INTO PARTIDO (ID_ESTADIO, FECHA, FASE, ID_SELECCION_LOCAL, ID_SELECCION_VISITANTE, GOLES_LOCAL, GOLES_VISITANTE)
VALUES (1, TO_DATE('20/06/2026','DD/MM/YYYY'), 'OCTAVOS', 1, 4, 3, 1);

INSERT INTO PARTIDO (ID_ESTADIO, FECHA, FASE, ID_SELECCION_LOCAL, ID_SELECCION_VISITANTE, GOLES_LOCAL, GOLES_VISITANTE)
VALUES (1, TO_DATE('24/06/2026','DD/MM/YYYY'), 'CUARTOS', 3, 2, 2, 1);

INSERT INTO PARTIDO (ID_ESTADIO, FECHA, FASE, ID_SELECCION_LOCAL, ID_SELECCION_VISITANTE, GOLES_LOCAL, GOLES_VISITANTE)
VALUES (2, TO_DATE('12/06/2026','DD/MM/YYYY'), 'GRUPOS', 2, 5, 2, 0);

INSERT INTO PARTIDO (ID_ESTADIO, FECHA, FASE, ID_SELECCION_LOCAL, ID_SELECCION_VISITANTE, GOLES_LOCAL, GOLES_VISITANTE)
VALUES (2, TO_DATE('13/06/2026','DD/MM/YYYY'), 'GRUPOS', 3, 6, 3, 0);

INSERT INTO PARTIDO (ID_ESTADIO, FECHA, FASE, ID_SELECCION_LOCAL, ID_SELECCION_VISITANTE, GOLES_LOCAL, GOLES_VISITANTE)
VALUES (2, TO_DATE('17/06/2026','DD/MM/YYYY'), 'GRUPOS', 1, 5, 2, 1);

INSERT INTO PARTIDO (ID_ESTADIO, FECHA, FASE, ID_SELECCION_LOCAL, ID_SELECCION_VISITANTE, GOLES_LOCAL, GOLES_VISITANTE)
VALUES (2, TO_DATE('21/06/2026','DD/MM/YYYY'), 'OCTAVOS', 4, 2, 1, 2);

INSERT INTO PARTIDO (ID_ESTADIO, FECHA, FASE, ID_SELECCION_LOCAL, ID_SELECCION_VISITANTE, GOLES_LOCAL, GOLES_VISITANTE)
VALUES (3, TO_DATE('15/06/2026','DD/MM/YYYY'), 'GRUPOS', 6, 5, 1, 3);

INSERT INTO PARTIDO (ID_ESTADIO, FECHA, FASE, ID_SELECCION_LOCAL, ID_SELECCION_VISITANTE, GOLES_LOCAL, GOLES_VISITANTE)
VALUES (3, TO_DATE('16/06/2026','DD/MM/YYYY'), 'GRUPOS', 1, 6, 1, 0);

INSERT INTO PARTIDO (ID_ESTADIO, FECHA, FASE, ID_SELECCION_LOCAL, ID_SELECCION_VISITANTE, GOLES_LOCAL, GOLES_VISITANTE)
VALUES (3, TO_DATE('18/06/2026','DD/MM/YYYY'), 'GRUPOS', 3, 4, 2, 1);

INSERT INTO PARTIDO (ID_ESTADIO, FECHA, FASE, ID_SELECCION_LOCAL, ID_SELECCION_VISITANTE, GOLES_LOCAL, GOLES_VISITANTE)
VALUES (3, TO_DATE('19/06/2026','DD/MM/YYYY'), 'GRUPOS', 2, 6, 1, 1);

INSERT INTO PARTIDO (ID_ESTADIO, FECHA, FASE, ID_SELECCION_LOCAL, ID_SELECCION_VISITANTE, GOLES_LOCAL, GOLES_VISITANTE)
VALUES (3, TO_DATE('22/06/2026','DD/MM/YYYY'), 'OCTAVOS', 5, 4, 2, 0);

INSERT INTO PARTIDO (ID_ESTADIO, FECHA, FASE, ID_SELECCION_LOCAL, ID_SELECCION_VISITANTE, GOLES_LOCAL, GOLES_VISITANTE)
VALUES (3, TO_DATE('26/06/2026','DD/MM/YYYY'), 'SEMIFINAL', 1, 2, 2, 1);

INSERT INTO PARTIDO (ID_ESTADIO, FECHA, FASE, ID_SELECCION_LOCAL, ID_SELECCION_VISITANTE, GOLES_LOCAL, GOLES_VISITANTE)
VALUES (3, TO_DATE('30/06/2026','DD/MM/YYYY'), 'FINAL', 3, 5, 0, 1);

COMMIT;

-- Querys -- 
-- 1. Listar todos los partidos mostrando:
-- Nombre del pais, ciudad, estadio, fecha, fase, seleccion local, seleccion visitante, goles local y goles visitante.
-- Ordenado por pais, ciudad, estadio y fecha.
SELECT 
    P.NOMBRE_PAIS, 
    C.NOMBRE_CIUDAD, 
    E.NOMBRE_ESTADIO, 
    PA.FECHA, 
    PA.FASE, 
    SL.NOMBRE_SELECCION AS SELECCION_LOCAL, 
    SV.NOMBRE_SELECCION AS SELECCION_VISITANTE, 
    PA.GOLES_LOCAL, 
    PA.GOLES_VISITANTE

FROM PARTIDO PA
JOIN ESTADIO E ON PA.ID_ESTADIO = E.ID
JOIN CIUDAD C ON E.ID_CIUDAD = C.ID
JOIN PAIS P ON C.ID_PAIS = P.ID 
JOIN SELECCION SL ON PA.ID_SELECCION_LOCAL = SL.ID
JOIN SELECCION SV ON PA.ID_SELECCION_VISITANTE = SV.ID
ORDER BY P.NOMBRE_PAIS, C.NOMBRE_CIUDAD, E.NOMBRE_ESTADIO, PA.FECHA;

SELECT ID, NOMBRE_ESTADIO FROM ESTADIO;

-- 2. Contar cantidad de partidos por ciudad
-- Listar ciudad, estadio, cantidad de partidos

SELECT C.NOMBRE_CIUDAD, E.NOMBRE_ESTADIO, COUNT(*) AS CANTIDAD_PARTIDOS
FROM PARTIDO PA
JOIN ESTADIO E ON PA.ID_ESTADIO = E.ID
JOIN CIUDAD C ON E.ID_CIUDAD = C.ID
GROUP BY C.NOMBRE_CIUDAD, E.NOMBRE_ESTADIO;

-- 3. Cuantos goles ha anotado cada seleccion en el torneo
-- (Tener en cuenta goles como local y visitante)
-- Listar: Nombre de la seleccion, total de goles
-- En la ultima fila mostrar el total general.ALTER
SELECT S.NOMBRE_SELECCION,
        SUM(CASE
                WHEN S.ID = PA.ID_SELECCION_LOCAL THEN PA.GOLES_LOCAL
                WHEN S.ID = PA.ID_SELECCION_VISITANTE THEN PA.GOLES_VISITANTE
            END
        ) AS TOTAL_GOLES
     
FROM SELECCION S
JOIN PARTIDO PA ON S.ID = PA.ID_SELECCION_LOCAL OR S.ID = PA.ID_SELECCION_VISITANTE
GROUP BY S.NOMBRE_SELECCION;

-- 4. Cuantos goles se anotan por país mensualmente
-- Listar: Pais, año, mes, total de goles 
-- Los paises sin partidos deben aparecer en 0.
SELECT P.NOMBRE_PAIS,
        EXTRACT(YEAR FROM PA.FECHA) AS ANIO,
        EXTRACT(MONTH FROM PA.FECHA) AS MES,
        NVL(SUM(PA.GOLES_LOCAL + PA.GOLES_VISITANTE), 0) AS TOTAL_GOLES
FROM PAIS P
LEFT JOIN CIUDAD C ON C.ID_PAIS = P.ID
LEFT JOIN ESTADIO E ON E.ID_CIUDAD = C.ID
LEFT JOIN PARTIDO PA ON PA.ID_ESTADIO = E.ID

GROUP BY P.NOMBRE_PAIS, EXTRACT(YEAR FROM PA.FECHA), EXTRACT(MONTH FROM PA.FECHA);